<?xml version="1.0" encoding="UTF-8" standalone="no"?>
<jbi xmlns="http://java.sun.com/xml/ns/jbi" xmlns:ns0="http://enterprise.netbeans.org/bpel/BpelModule1/newProcess" xmlns:ns1="http://j2ee.netbeans.org/wsdl/javaOnePoll" xmlns:ns2="http://www.sun.com/jbi/descriptor/service-unit" version="1.0">
    <services binding-component="false">
        <provides endpoint-name="javaOnePollRole_myRole" interface-name="ns1:javaOnePollPortType" service-name="ns0:PartnerLinkJavaOnePoll">
            <ns2:display-name>PartnerLinkJavaOnePoll</ns2:display-name>
            <ns2:process-name>CaptureJ1Polls</ns2:process-name>
            <ns2:file-path>CaptureJ1Polls.bpel</ns2:file-path>
        </provides>
    </services>
</jbi>
