<?xml version="1.0" encoding="UTF-8" standalone="no"?>
<jbi xmlns="http://java.sun.com/xml/ns/jbi" xmlns:ns0="http://enterprise.netbeans.org/bpel/CaptureJ1Polls/CaptureJ1Polls" xmlns:ns1="http://j2ee.netbeans.org/wsdl/JavaDBPollsTable" xmlns:ns2="http://j2ee.netbeans.org/wsdl/javaOnePoll" xmlns:ns3="http://www.sun.com/jbi/descriptor/service-unit" version="1.0">
    <services binding-component="false">
        <provides endpoint-name="javaOnePollRole_myRole" interface-name="ns2:javaOnePollPortType" service-name="ns0:PartnerLinkJavaOnePoll">
            <ns3:display-name>PartnerLinkJavaOnePoll</ns3:display-name>
            <ns3:process-name>CaptureJ1Polls</ns3:process-name>
            <ns3:file-path>CaptureJ1Polls.bpel</ns3:file-path>
        </provides>
        <consumes endpoint-name="jdbcPortTypeRole_partnerRole" interface-name="ns1:jdbcPortType" service-name="ns0:PartnerLinkJavaDB">
            <ns3:display-name>PartnerLinkJavaDB</ns3:display-name>
            <ns3:process-name>CaptureJ1Polls</ns3:process-name>
            <ns3:file-path>CaptureJ1Polls.bpel</ns3:file-path>
        </consumes>
    </services>
</jbi>
