<?xml version="1.0" encoding="UTF-8" standalone="no"?>
<jbi xmlns="http://java.sun.com/xml/ns/jbi" xmlns:ns1="http://j2ee.netbeans.org/wsdl/javaOnePoll" xmlns:ns2="http://enterprise.netbeans.org/bpel/BpelModule1/newProcess" version="1.0">
    <service-assembly>
        <identification>
            <name>J1PollCASA</name>
            <description>Represents the Service Assembly of J1PollCASA</description>
        </identification>
        <connections>
            <connection>
                <consumer endpoint-name="javaOnePollPort" service-name="ns1:javaOnePollService"/>
                <provider endpoint-name="javaOnePollRole_myRole" service-name="ns2:PartnerLinkJavaOnePoll"/>
            </connection>
        </connections>
    </service-assembly>
</jbi>
